{"brokenpowerlaw.refer": 5350.048838547607, "brokenpowerlaw.ampl": 3.2841761742284907, "brokenpowerlaw.index1": -1.2778857347777213, "brokenpowerlaw.index2": -0.31264915539743476, "nr_OIII5007.ampl": 1.5567353267988606, "nr_OIII5007.offs_kms": 163.53365031489528, "nr_OIII5007.fwhm": 251.486043251924, "nr_NII6584.ampl": 5.097743729489254, "nr_[OII]_3726.ampl": 1.6530722097100239, "nr_[OII]_3728.ampl": 3.5180920629377166, "nr_[NeIII]_3868.ampl": 0.20386770833415735, "nr_[OIII]_4363.ampl": 0.07515420385124283, "nr_Heps_3970.ampl": 0.001544251942003751, "nr_Hd_4101.ampl": 0.1284707799498773, "nr_Hg_4340.ampl": 0.33400586632093854, "nr_Hb_4861.ampl": 3.84159965130271, "nr_HeI_3187.ampl": 0.0008042139383366686, "nr_HeII_3203.ampl": 0.0032045487520966677, "nr_HeI_4143.ampl": 0.0012724177781197315, "nr_HeI_4471.ampl": 0.0016217892694848999, "nr_HeII_4685.ampl": 0.002702808211116837, "br_Heps_3970.ampl": 3.654856719070582e-05, "br_Heps_3970.offs_kms": -2999.9511614523904, "br_Heps_3970.fwhm": 1000.0488385476087, "br_Hd_4102.ampl": 0.4155494818731241, "br_Hd_4102.offs_kms": -1116.8419608275622, "br_Hd_4102.fwhm": 1000.0488385476087, "br_Hg_4340.ampl": 1.4595933072028768, "br_Hg_4340.offs_kms": 113.97101335616844, "br_Hg_4340.fwhm": 2390.431448521996, "br_Hb_4861.ampl": 2.845881735810803, "br_Hb_4861.offs_kms": -78.47057175622822, "br_Hb_4861.fwhm": 2837.8296260232555, "br_HeI_3188.ampl": 0.3118227035079772, "br_HeI_3188.offs_kms": -2999.9511614523904, "br_HeI_3188.fwhm": 6972.041500707335, "br_HeII_3203.ampl": 0.3682766907979641, "br_HeII_3203.offs_kms": 2999.2285598420576, "br_HeII_3203.fwhm": 6977.598933324574, "br_HeI_4144.ampl": 0.0007410379847090243, "br_HeI_4144.offs_kms": -2999.9511614523904, "br_HeI_4144.fwhm": 1000.0488385476087, "br_HeI_4471.ampl": 0.24170152925424823, "br_HeI_4471.offs_kms": 1824.0225777375858, "br_HeI_4471.fwhm": 3292.014768453587, "br_HeII_4686.ampl": 0.05922393958085588, "br_HeII_4686.offs_kms": -2999.9511614523904, "br_HeII_4686.fwhm": 5152.036385027361, "feii.amp_a2D2": 1.3284211824709374e-05, "feii.amp_a4G": 0.5378565660527463, "feii.amp_a4H": 0.10030920774259247, "feii.amp_a6S": 0.47161021566828687, "feii.amp_b2H": 4.294235170851994, "feii.amp_b4F": 0.4829507948837798, "feii.amp_b4P": 3.484243081376898e-05, "feii.amp_y4G": 0.0001966989556589048, "feii.amp_b4G": 0.002787132369411204, "feii.amp_x4D": 0.17298746327534406, "feii.amp_y4P": 0.11363622732957548, "feii.offs_kms": 123.22491064414137, "feii.fwhm": 1502.039823411017, "outOIII5007.ampl": 1.3440235984537838, "outOIII5007.offs_kms": -194.93621080795526, "outOIII5007.fwhm": 1000.0488385476087, "redshift": 0.8574248552322388, "RA": 0.004221400699975675, "dec": 8.0729291, "fiber": "294", "mjd": 58450.0, "plate": "11277"}